{
  "test_accuracy": 0.4982857142857143,
  "test_f1_macro": 0.4751412982545058,
  "test_f1_weighted": 0.49513763100578995,
  "draw_precision": 0.3350253807106599,
  "draw_recall": 0.3013698630136986,
  "draw_f1": 0.3173076923076923,
  "draw_overprediction": -44,
  "draw_gap_ratio": 0.1004566210045662,
  "overall_score": 0.48516233762456296,
  "cv_accuracy": 0.5167317892619683,
  "cv_std": 0.01010122339610828,
  "classification_report": "              precision    recall  f1-score   support\n\n           d     0.3350    0.3014    0.3173       438\n           l     0.5541    0.5388    0.5463       618\n           w     0.5391    0.5865    0.5618       694\n\n    accuracy                         0.4983      1750\n   macro avg     0.4761    0.4756    0.4751      1750\nweighted avg     0.4933    0.4983    0.4951      1750\n",
  "model_type": "LogReg_balanced_C0.7",
  "n_features": 284,
  "n_samples": 13270,
  "train_size": 11520,
  "test_size": 1750,
  "train_seasons": [
    2015.0,
    2017.0,
    2018.0,
    2019.0,
    2020.0,
    2021.0,
    2022.0,
    2023.0
  ],
  "test_seasons": [
    2024.0
  ],
  "cv_scores": [
    0.5192965315095261,
    0.5191675794085433,
    0.4972627737226277,
    0.5213248638838476,
    0.5266071977852969
  ]
}