{
  "LogReg_balanced_C1.5": {
    "test_accuracy": 0.49542857142857144,
    "test_f1_macro": 0.4722192039407436,
    "test_f1_weighted": 0.492405505200934,
    "draw_precision": 0.32997481108312343,
    "draw_recall": 0.2990867579908676,
    "draw_f1": 0.3137724550898204,
    "draw_overprediction": -41,
    "draw_gap_ratio": 0.09360730593607305,
    "overall_score": 0.48262492751102803,
    "cv_scores": [
      0.5192965315095261,
      0.5186199342825849,
      0.4981751824817518,
      0.5195099818511797,
      0.5269147954475546
    ],
    "cv_accuracy": 0.5165032851145195,
    "cv_std": 0.009650301010044148
  },
  "LogReg_balanced_C0.7": {
    "test_accuracy": 0.4982857142857143,
    "test_f1_macro": 0.4751412982545058,
    "test_f1_weighted": 0.49513763100578995,
    "draw_precision": 0.3350253807106599,
    "draw_recall": 0.3013698630136986,
    "draw_f1": 0.3173076923076923,
    "draw_overprediction": -44,
    "draw_gap_ratio": 0.1004566210045662,
    "overall_score": 0.48516233762456296,
    "cv_scores": [
      0.5192965315095261,
      0.5191675794085433,
      0.4972627737226277,
      0.5213248638838476,
      0.5266071977852969
    ],
    "cv_accuracy": 0.5167317892619683,
    "cv_std": 0.01010122339610828,
    "model_type": "LogReg_balanced_C0.7",
    "n_features": 284,
    "n_samples": 13270,
    "train_size": 11520,
    "test_size": 1750,
    "train_seasons": [
      2015.0,
      2017.0,
      2018.0,
      2019.0,
      2020.0,
      2021.0,
      2022.0,
      2023.0
    ],
    "test_seasons": [
      2024.0
    ]
  },
  "LogReg_draw_prioritized": {
    "test_accuracy": 0.48628571428571427,
    "test_f1_macro": 0.4689449861170408,
    "test_f1_weighted": 0.4860956647575383,
    "draw_precision": 0.32653061224489793,
    "draw_recall": 0.365296803652968,
    "draw_f1": 0.3448275862068966,
    "draw_overprediction": 52,
    "draw_gap_ratio": 0.1187214611872146,
    "overall_score": 0.47428038636731784,
    "cv_scores": [
      0.5002442598925256,
      0.5219058050383352,
      0.48996350364963503,
      0.5226860254083484,
      0.5207628422023992
    ],
    "cv_accuracy": 0.5111124872382488,
    "cv_std": 0.013483098444439954
  },
  "LogReg_balanced_C2.5": {
    "test_accuracy": 0.49542857142857144,
    "test_f1_macro": 0.4720874228380432,
    "test_f1_weighted": 0.4921683070859217,
    "draw_precision": 0.33248730964467005,
    "draw_recall": 0.2990867579908676,
    "draw_f1": 0.31490384615384615,
    "draw_overprediction": -44,
    "draw_gap_ratio": 0.1004566210045662,
    "overall_score": 0.48223633837165825,
    "cv_scores": [
      0.5183194919394235,
      0.5191675794085433,
      0.4972627737226277,
      0.5204174228675136,
      0.525069209474008
    ],
    "cv_accuracy": 0.5160472954824232,
    "cv_std": 0.009677295610825464
  },
  "RandomForest_balanced": {
    "test_accuracy": 0.5011428571428571,
    "test_f1_macro": 0.4289376848291592,
    "test_f1_weighted": 0.46497391204806887,
    "draw_precision": 0.2865853658536585,
    "draw_recall": 0.10730593607305935,
    "draw_f1": 0.15614617940199335,
    "draw_overprediction": -274,
    "draw_gap_ratio": 0.6255707762557078,
    "overall_score": 0.4445925080202774,
    "cv_scores": [
      0.5217391304347826,
      0.5131434830230011,
      0.5182481751824818,
      0.5176950998185118,
      0.5327591510304521
    ],
    "cv_accuracy": 0.5207170078978459,
    "cv_std": 0.006612764749376461
  },
  "HistGradientBoosting": {
    "test_accuracy": 0.5308571428571428,
    "test_f1_macro": 0.45185513079069245,
    "test_f1_weighted": 0.4881695179173478,
    "draw_precision": 0.42105263157894735,
    "draw_recall": 0.1095890410958904,
    "draw_f1": 0.17391304347826086,
    "draw_overprediction": -324,
    "draw_gap_ratio": 0.7397260273972602,
    "overall_score": 0.4662201372640222,
    "cv_scores": [
      0.5065950170981924,
      0.5038335158817087,
      0.5123175182481752,
      0.5117967332123412,
      0.5296831744078745
    ],
    "cv_accuracy": 0.5128451917696584,
    "cv_std": 0.009001892576006915
  },
  "HistGradientBoosting_Tuned": {
    "test_accuracy": 0.5097142857142857,
    "test_f1_macro": 0.4116794352948012,
    "test_f1_weighted": 0.4539798650683961,
    "draw_precision": 0.3013698630136986,
    "draw_recall": 0.0502283105022831,
    "draw_f1": 0.08610567514677103,
    "draw_overprediction": -365,
    "draw_gap_ratio": 0.8333333333333334,
    "overall_score": 0.43373542140079946,
    "cv_scores": [
      0.5026868588177821,
      0.49835706462212487,
      0.5027372262773723,
      0.5018148820326679,
      0.523838818824977
    ],
    "cv_accuracy": 0.5058869701149847,
    "cv_std": 0.009118243786443301
  },
  "Stacked_LogReg_HGB": {
    "test_accuracy": 0.4942857142857143,
    "test_f1_macro": 0.4724110347590765,
    "test_f1_weighted": 0.49268886038956733,
    "draw_precision": 0.3221957040572792,
    "draw_recall": 0.3082191780821918,
    "draw_f1": 0.31505250875145857,
    "draw_overprediction": -19,
    "draw_gap_ratio": 0.04337899543378995,
    "overall_score": 0.4844606266797015,
    "cv_scores": [
      0.5012212994626283,
      0.5082146768893757,
      0.48722627737226276,
      0.5113430127041743,
      0.5146108889572439
    ],
    "cv_accuracy": 0.504523231077137,
    "cv_std": 0.009715805627807796
  }
}